Pages,sTime
Login Page,345.0
Member Join Page,252.99999999999997
Login Page,35.0
Member Join Page,71.0
Login Page,67.0
Member Join Page,85.0
Login Page,211.0
Member Join Page,246.0
Login Page,132.0
Member Join Page,149.0
Login Page,68.0
Member Join Page,75.0
Login Page,321.0
Member Join Page,333.0
Login Page,147.0
Member Join Page,187.0
Login Page,95.0
Member Join Page,126.0
Login Page,45.0
Member Join Page,48.0
Login Page,118.0
Member Join Page,147.0
Login Page,342.0
Member Join Page,357.0
Login Page,197.0
Member Join Page,223.0
Login Page,39.0
Member Join Page,43.0
Login Page,65.0
Member Join Page,87.0
Login Page,173.0
Login Page,74.0
Login Page,86.0
Login Page,118.0
Login Page,206.0
Login Page,93.0
